ID salarié,Nom,Prénom,Date de naissance,BU,Date d'embauche,Salaire brut,Type de contrat,Nombre de jours de CP,Adresse du domicile,Moyen de déplacement
59019,Colin,Audrey,1990-07-06,Marketing,2020-12-14,30940,CDI,29,"128 Rue du Port, 34000 Frontignan",Transports en commun
19841,Ledoux,Monique,1962-01-06,R&D,2020-07-07,74360,CDI,26,"68 Rue du Port, 34970 Saint-Clément-de-Rivière",véhicule thermique/électrique
56482,Dumont,Michelle,1976-08-09,Ventes,2022-03-29,51390,CDI,27,"100 Av. de la Gare, 30900 Nîmes",véhicule thermique/électrique
21886,Toussaint,Judith,1962-09-10,Support,2021-12-12,70320,CDI,29,"53 Av. de la Gare, 34970 Lattes",Marche/running
81001,Bailly,Michelle,1975-04-20,Ventes,2025-02-19,46870,CDD,29,"74 Rue des Fleurs, 34970 Lattes",Marche/running
17757,Bazin,Margaret,1982-11-24,Support,2023-04-17,31460,CDI,25,"Av. de La Mer, 34470 Pérols",Vélo/Trottinette/Autres
17036,Jacques,Julien,1970-12-19,Marketing,2021-08-21,72480,CDI,29,"28 Rue du Port, 34140 Mèze",véhicule thermique/électrique
36913,Pons,Brigitte,1977-12-27,Finance,2020-05-26,59790,CDI,28,"169 Rue Jean Jaures, 34730 Prades-le-Lez",Transports en commun
79006,Rousset,Jérome,1979-02-01,R&D,2020-09-07,29240,CDI,28,"44 Rue Jean Jaures, 34730 Prades-le-Lez",véhicule thermique/électrique
62296,Chauvin,Zakaria,1987-10-02,Finance,2024-11-23,68680,CDD,26,"31 Av. Grassion Cibrand, 34130 Mauguio",Vélo/Trottinette/Autres
90284,Chartier,Aurélie,1999-01-26,Marketing,2025-01-02,56400,CDI,29,"136 Rue des Grottes, 34130 Mauguio",véhicule thermique/électrique
83440,Maillard,Augustin,1987-03-05,R&D,2023-10-27,31030,CDI,28,"38 Rue du Muscadet, 34090 Montpellier",Transports en commun
18246,Tessier,Francoise,1986-11-11,Ventes,2025-01-11,30680,CDI,28,"181 Av. de la Gare, 34970 Lattes",Vélo/Trottinette/Autres
33386,Neveu,Yves,1998-11-18,R&D,2020-08-14,50170,CDI,28,"24 Rue de la Cadoule, 34740 Vendargues",véhicule thermique/électrique
19773,Fischer,Benoit,1981-03-31,Support,2025-03-24,62670,CDI,25,"110 Rue de la République, 34000 Montpellier",véhicule thermique/électrique
70643,Rodriguez,Antoine,1982-03-11,Finance,2021-01-12,29440,CDI,26,"1037 Val des Sources, 34090 Montpellier",Vélo/Trottinette/Autres
25701,Foucher,Eugénie,1971-04-25,Finance,2021-06-22,56470,CDI,25,"63 Rue du Marché, 34800 Clermont-l'Hérault",véhicule thermique/électrique
99514,Olivier,Léon,1962-03-01,Support,2025-02-02,67110,CDI,29,"1 Rue Gerhardt, 34000 Montpellier",Transports en commun
43124,Laole,Francoise,1970-07-01,Ventes,2021-05-25,44040,CDI,28,"121 Bis Rue des Carignans, 34790 Grabels",véhicule thermique/électrique
56632,Evrard,Claire,1970-05-03,Finance,2021-03-10,62760,CDI,25,"70 Av. Jean Jaurès, 30900 Nîmes",véhicule thermique/électrique
28160,Humbert,Victor,1972-04-26,Marketing,2024-09-28,33620,CDI,25,"38 Plan des Arbousiers, 34970 Lattes",Vélo/Trottinette/Autres
15493,Devaux,Alice,1994-12-21,Support,2020-12-06,73720,CDI,28,"50 Boulevard de la Mer, 34880 La Grande-Motte",véhicule thermique/électrique
84233,Gauthier,Michelle,1989-01-20,Finance,2024-12-29,73160,CDI,26,"Av. de la Mer, Montpellier",Vélo/Trottinette/Autres
17997,Dias,Mathilde,1974-10-15,Support,2023-04-02,27040,CDI,27,"9 Rue Four des Flammes, 34000 Montpellier",véhicule thermique/électrique
48589,Lopez,Robert,1984-08-23,Marketing,2021-07-14,49610,CDI,25,"45 Rue de la République, 34000 Montpellier",Vélo/Trottinette/Autres
76341,Joubert,Claudine,1981-08-15,Finance,2023-01-13,43710,CDI,29,"57 Av. de la Liberté, 34070 Montpellier",Vélo/Trottinette/Autres
89943,Royer,Benjamin,1996-12-10,Finance,2020-11-14,65310,CDI,29,"40 Rue du Pradas, 34470 Pérols",Marche/running
46253,Blin,Léa,1975-05-02,Marketing,2020-10-05,43450,CDI,27,"32 Trav. de la Brigantine, 34970 Lattes",véhicule thermique/électrique
17376,Rey,Diane,1971-09-18,Finance,2022-06-16,69760,CDI,29,"1932 Ham. de Rabejac, 34700 Le Puech",véhicule thermique/électrique
22426,Poirier,Gabriel,1972-11-05,Ventes,2023-12-29,67610,CDI,26,"103 Av. de la Plage, 34450 Vias",véhicule thermique/électrique
34413,Aubert,Brigitte,1978-05-24,Ventes,2023-07-15,71040,CDI,25,"367 Av. Marcel Pagnol, 34470 Pérols",Marche/running
44472,Lemaire,Maurice,1973-12-18,Finance,2024-11-26,63860,CDI,29,"94 Rue Jean Jaurès, 34740 Vendargues",véhicule thermique/électrique
97309,Roussel,Charles,1978-12-22,Ventes,2020-07-12,73490,CDI,28,"51 Av. de La Mer, 34470 Pérols",véhicule thermique/électrique
39874,Rossi,Claire,1997-05-05,Support,2024-03-28,57460,CDD,27,"87 Rue du Marché, 34400 Lunel",véhicule thermique/électrique
92736,Lagarde,Alain,1983-06-03,Support,2021-11-04,43210,CDI,27,"187 Chem. de la Draye du Marbre, 34170 Castelnau-le-Lez",Vélo/Trottinette/Autres
43015,Mendes,Juliette,1991-10-22,Support,2025-03-06,57040,CDI,26,"199-97 Av. du Pichagret, 34980 Saint-Gély-du-Fesc",véhicule thermique/électrique
71502,Louis,Mégane,1979-01-28,Finance,2023-01-25,33850,CDI,25,455 route de mendes 34000 Montpellier,Vélo/Trottinette/Autres
16872,Toussaint,Francoise,1999-11-13,Finance,2023-01-26,30560,CDI,27,"10 Av. Maréchal Leclerc, 34280 La Grande-Motte",Vélo/Trottinette/Autres
76771,Munoz,Andréa,1985-01-17,Ventes,2023-02-12,55670,CDI,29,"Pl. de la Liberté, 34430 Saint-Jean-de-Védas",véhicule thermique/électrique
50408,Bonneau,Monique,1986-04-27,Support,2024-02-22,54710,CDD,27,"118 Imp. des Vignes, 34470 Pérols",Marche/running
49804,Carlier,Constance,1976-02-16,R&D,2024-09-02,70060,CDI,25,"200 Rue du Stade, 34830 Clapiers",véhicule thermique/électrique
20083,Jacquot,Marcel,1971-05-20,Support,2021-08-12,38870,CDI,27,"13 Bd de la Liberté, 34500 Béziers",véhicule thermique/électrique
37866,Gautier,Marine,1972-01-17,R&D,2021-09-10,50700,CDI,27,"4 Av. de la Paix, 34690 Fabrègues",Transports en commun
71190,Vallet,Andre,1977-09-15,Finance,2021-06-30,58580,CDI,26,"68 Rue du N, 34920 Le Crès",Vélo/Trottinette/Autres
57202,Martel,Louis,1984-07-03,R&D,2022-09-03,33450,CDI,26,"8 Rue Achille Bege, 34090 Montpellier",Transports en commun
27620,Hebert,William,1973-03-10,Ventes,2025-03-24,68120,CDI,25,"18 Rue des Vignes, 34970 Lattes",Vélo/Trottinette/Autres
36981,Schmitt,Jules,1999-03-11,Marketing,2024-11-19,42410,CDD,25,"47 Av. de la Gare, 34970 Lattes",Marche/running
89328,Lambert,Denise,1987-09-05,Ventes,2021-07-01,38930,CDI,29,"8 Rue de la Vieille, 34000 Montpellier",Vélo/Trottinette/Autres
50309,Lacroix,Olivie,1964-09-22,Support,2021-07-05,32520,CDI,26,"76 Av. de la Plage, 34410 Sérignan",véhicule thermique/électrique
32690,Hamon,Paul,1980-05-18,R&D,2020-11-12,36430,CDI,29,"84 Rue du Port, 34470 Pérols",Vélo/Trottinette/Autres
43861,Klein,Christine,2001-03-08,Finance,2024-12-10,43810,CDI,28,"87 Av. de la Plage, 34450 Vias",véhicule thermique/électrique
17027,Boyer,Julie,1995-04-19,Support,2022-09-04,36180,CDI,25,"Pl. Jean Jaurès, 34000 Montpellier",Vélo/Trottinette/Autres
99401,Pons,Yves,1969-02-28,Ventes,2022-11-28,66130,CDI,29,"20 Av. de la Paix, 34690 Fabrègues",véhicule thermique/électrique
86847,Arnaud,Jeremy,1989-05-13,Support,2020-03-31,29180,CDI,28,"139 Av. des Pins, 34150 Gignac",véhicule thermique/électrique
58045,Provost,Elodie,1970-06-17,Marketing,2024-11-16,42910,CDD,27,"112 Chem. des Pins, 34170 Castelnau-le-Lez",Vélo/Trottinette/Autres
53673,Ferrand,Julien,1986-08-21,Finance,2024-09-26,31700,CDI,26,"129 Av. de la Liberté, 34070 Montpellier",Vélo/Trottinette/Autres
13064,Thibault,Henriette,1972-03-27,R&D,2021-07-31,74990,CDI,26,"3 Rue de la République, 34770 Gigean",véhicule thermique/électrique
18918,Michaud,Naomie,1963-09-13,Marketing,2020-08-10,25610,CDI,27,"21 Av. du Port, 34540 Balaruc-les-Bains",véhicule thermique/électrique
51328,Albert,Adèle,2000-05-28,Support,2020-07-31,74300,CDI,25,"22 Rue de la Paix, 34130 Mauguio",Vélo/Trottinette/Autres
86633,Rodriguez,Léon,1963-03-07,Support,2022-06-29,27260,CDI,25,"140 All. des Vignes, 34280 La Grande-Motte",véhicule thermique/électrique
29200,Gosselin,Joseph,1995-12-19,Support,2022-09-26,34610,CDI,27,"21 All. Martine Carol, 34070 Montpellier",Transports en commun
43542,Pendragon,Arthur,2002-08-04,R&D,2021-04-30,47370,CDI,26,"18 Rue des Arbousiers, 34230 Bélarga",véhicule thermique/électrique
64886,De Oliveira,Nath,1961-03-27,R&D,2024-10-25,38670,CDI,29,"4 Pl. des Écoles, 34970 Lattes",Marche/running
45140,Henry,Roger,1967-09-15,Marketing,2024-11-03,52770,CDI,25,"84 Rue des Écoles, 34980 Saint-Clément-de-Rivière",Vélo/Trottinette/Autres
44927,Fischer,Hugues,1977-07-22,Ventes,2023-02-08,62370,CDI,25,"143 Rue des Sansouïres, 34970 Lattes",Vélo/Trottinette/Autres
79837,Muller,Alphonse,1970-12-10,Ventes,2020-05-26,30360,CDI,27,"11 Lot. Mas de Combes, 34230 Popian",véhicule thermique/électrique
76903,Lemaire,Victor,1979-12-30,Finance,2020-11-08,60670,CDI,26,"260 Chem. du Pompage, 34800 Canet",véhicule thermique/électrique
30351,Samson,Julien,1969-03-25,Marketing,2022-12-28,51610,CDI,28,"21 Rue de la Liberté, 34700 Soumont",véhicule thermique/électrique
20697,Cousin,Antoine,1990-09-18,Marketing,2021-02-15,37620,CDI,27,"12 Rue William et Catherine Booth, 34070 Montpellier",véhicule thermique/électrique
37830,Toussaint,Alexandre,1981-01-03,Ventes,2021-07-08,28050,CDI,26,"18 Rue des Agapanthes, 34470 Pérols",Transports en commun
34678,Mendes,Astrid,1972-01-31,Finance,2023-11-01,59520,CDI,27,"32 Av. Jean - Louis Etienne, 34740 Vendargues",véhicule thermique/électrique
54625,Paul,Christiane,1994-04-18,Support,2022-11-18,70550,CDI,27,"26 Bd de la Liberté, 34830 Clapiers",Vélo/Trottinette/Autres
70575,Munoz,Charlene,1991-03-22,R&D,2022-04-22,43520,CDI,25,"138 Rue de la République, 30600 Vauvert",véhicule thermique/électrique
66882,Leleu,Guillaume,2002-01-21,Finance,2021-11-26,43860,CDI,28,"3 Rue Tadorne, 34140 Mèze",véhicule thermique/électrique
35719,Navarro,Alain,1983-02-22,Finance,2022-03-30,32350,CDI,26,"81 Av. du Général Leclerc, 34470 Pérols",Transports en commun
28529,Lefort,Thibaut,1992-01-19,Finance,2021-07-12,25730,CDI,26,"100 Bd Victor Hugo, 34000 Montpellier",Vélo/Trottinette/Autres
60358,Lesage,Mathilde,1981-09-04,R&D,2022-03-29,44830,CDI,28,"15 Rue de la République, 34000 Montpellier",Vélo/Trottinette/Autres
50504,Fabre,Christiane,1995-10-04,Finance,2021-09-04,37910,CDI,26,"10 Rue du Marché aux Raisins, 34750 Villeneuve-lès-Maguelone",Vélo/Trottinette/Autres
56530,Morin,Francis,1977-01-30,Ventes,2022-02-07,51800,CDI,29,"124 Rue des Écoles, 34540 Balaruc-les-Bains",Transports en commun
45221,Georges,Bernard,1976-09-11,Finance,2020-07-25,34230,CDI,25,"215 Rue Alphonse Allais, 34070 Montpellier",Vélo/Trottinette/Autres
86948,Boutin,Philippine,1984-10-28,Finance,2023-10-16,73110,CDI,27,"85 Av. de la Paix, 34690 Fabrègues",Vélo/Trottinette/Autres
34899,Besson,Hugues,1971-04-03,Support,2022-04-04,72360,CDI,28,"Pl. de la Liberté, 34470 Pérols",Marche/running
36827,Devaux,Audrey,1963-07-16,Finance,2022-09-22,39290,CDI,26,"Pl. du Marché, 34250 Palavas-les-Flots",Vélo/Trottinette/Autres
66425,Jourdan,Thomas,1979-11-17,Marketing,2021-11-30,43530,CDI,25,"111 Rue du Ctre, 34160 Saint-Drézéry",véhicule thermique/électrique
77789,Bourgeois,Benjamin,1985-01-14,Support,2021-07-03,25570,CDI,27,"176 Bd de la Liberté, 34830 Clapiers",véhicule thermique/électrique
46158,Marchand,Martin,1960-04-24,R&D,2022-11-05,47730,CDI,26,"44 Av. de la Paix, 34690 Fabrègues",Vélo/Trottinette/Autres
34382,Payet,Capucine,1991-06-18,Marketing,2022-12-04,48430,CDI,25,"151 Bd Victor Hugo, 34000 Montpellier",Transports en commun
60141,Colin,Iris,1999-10-15,R&D,2024-03-18,74000,CDI,28,"17 Rue du Ctre, 34160 Saint-Drézéry",véhicule thermique/électrique
68454,Ribeiro,Catherine,1970-01-18,Support,2023-03-03,59240,CDI,25,"121 Rue du Marché, 34800 Clermont-l'Hérault",véhicule thermique/électrique
45725,Boulanger,Henri,1962-10-07,Ventes,2023-10-18,51630,CDI,28,"28 Rue Anatole France, 34120 Pézenas",véhicule thermique/électrique
67121,Pasquier,Claudine,1968-04-27,Finance,2020-09-20,68240,CDI,27,"Bd des Sports, 34000 Montpellier",Vélo/Trottinette/Autres
76076,Moreno,André,1981-02-16,Support,2020-08-29,74330,CDI,26,"141 Rue de la Plage, 34130 Mauguio",Vélo/Trottinette/Autres
60437,Delattre,Danielle,1968-10-24,Finance,2023-09-23,29090,CDI,27,"328 All. de l'Iliade, 34280 La Grande-Motte",véhicule thermique/électrique
33872,Poirier,Laure,1979-10-03,Ventes,2022-08-07,51020,CDI,26,"162 Av. de la Paix, 34290 Montblanc",véhicule thermique/électrique
23842,Schneider,Jules,1986-07-25,Ventes,2024-04-05,51010,CDI,29,"79 Rue des Écoles, 34920 Le Crès",Transports en commun
66386,Lacroix,Susanne,1961-01-08,Finance,2025-01-15,55310,CDI,26,"189 Pl. des Écoles, 34970 Lattes",Marche/running
75791,Olivier,Caroline,1987-05-30,Marketing,2021-07-07,56010,CDI,27,"Rue des Écoles, 34120 Lézignan-la-Cèbe",véhicule thermique/électrique
55153,Delmas,Colette,1971-08-28,Finance,2022-10-01,42280,CDI,29,"178 Rue de la Lucques, 34150 Aniane",véhicule thermique/électrique
91916,Legrand,Margaud,1983-10-13,Finance,2020-05-19,47530,CDI,27,"72 Rue des Pins, 34470 Pérols",Vélo/Trottinette/Autres
50316,Roux,Juliette,1993-11-06,Finance,2024-01-24,64970,CDD,27,"36 Bis Rue Paul Verlaine, 34130 Mauguio",véhicule thermique/électrique
49419,Bernard,Denise,1972-02-24,Finance,2020-09-01,42530,CDI,28,"13 Bd des Sports, 34000 Montpellier",Vélo/Trottinette/Autres
30945,Grenier,Hugues,1975-01-02,Finance,2024-10-07,71640,CDI,26,"90 Av. de la Liberté, 34070 Montpellier",Vélo/Trottinette/Autres
29793,Chauvin,Marine,1970-07-26,Finance,2023-09-14,47780,CDI,29,"121 Bd des Sports, 34000 Montpellier",Transports en commun
41293,Marchand,Sabine,1996-10-22,Support,2023-12-29,55910,CDI,29,"6 Rue des Bougainvilliers, 34970 Lattes",Vélo/Trottinette/Autres
96902,Durand,Nicole,1971-10-17,Marketing,2021-08-09,45910,CDI,28,"19 Rue de l'Église, 34250 Palavas-les-Flots",Vélo/Trottinette/Autres
42472,Devaux,Charles,1997-02-09,Support,2024-02-28,26830,CDI,27,"103 Rue Joseph Guerre, 34070 Montpellier",Transports en commun
69938,Guillou,Valérie,1978-12-13,Ventes,2021-06-05,38840,CDI,26,"7 Rue Alphonse Daudet, 34470 Pérols",Vélo/Trottinette/Autres
70933,Leconte,Sébastien,1984-12-27,Ventes,2024-12-17,49630,CDI,27,"13 Rue du Marché, 34560 Montbazin",véhicule thermique/électrique
46903,Leleu,Luc,1994-02-02,Support,2022-04-06,71330,CDI,29,"57 Av. des Pins, 34130 Valergues",Vélo/Trottinette/Autres
93699,Klein,Dominique,1992-02-11,Finance,2024-10-22,51150,CDD,28,"103 All. des Pins, 34170 Castelnau-le-Lez",Transports en commun
78962,Perrot,Margot,1980-06-28,R&D,2021-07-18,48700,CDI,27,"20 Rue de la Petite Calade, 34660 Cournonterral",véhicule thermique/électrique
90813,Baudry,Gilles,1961-08-15,Support,2021-03-28,35650,CDI,29,"88 Av. de la Liberté, 34070 Montpellier",Vélo/Trottinette/Autres
31222,Gonzalez,Luc,1973-08-05,R&D,2021-01-29,56020,CDI,26,"1 Rue du Stade, 34820 Teyran",véhicule thermique/électrique
12497,Fontaine,Gabriel,1961-06-03,R&D,2023-01-30,27820,CDI,25,"Rue du N, 34920 Le Crès",Vélo/Trottinette/Autres
90207,Wagner,Andréa,1963-04-02,Marketing,2024-06-21,68430,CDI,28,"Av. de la Gare, 34540 Balaruc-les-Bains",véhicule thermique/électrique
48260,Maillet,Théodore,1973-05-20,R&D,2024-05-11,52600,CDI,29,"Rue Rosset, 34000 Montpellier",Transports en commun
46304,Pichon,Benjamin,1994-08-02,R&D,2021-07-24,72240,CDI,27,"50 Rue du Port, 34280 La Grande-Motte",véhicule thermique/électrique
73367,Verdier,Simon,1987-07-11,Marketing,2022-05-05,69840,CDI,27,"485 Anc. Chem. du Moulin, 34270 Les Matelles",véhicule thermique/électrique
42328,Da Costa,Alain,1990-02-14,Support,2023-03-24,69510,CDI,25,"97 Rte de la Mer, 34400 Lunel",véhicule thermique/électrique
59804,Morin,Aurélien,1963-08-10,R&D,2021-10-06,73500,CDI,28,"13 Bis Rue des Anémones, 34000 Montpellier",Transports en commun
84603,Jean,Marcelle,1961-02-20,Support,2023-09-24,26970,CDI,25,"222 Rue Georges Bizet, 34130 Mauguio",Vélo/Trottinette/Autres
57589,Petitjean,Aurélie,1990-03-06,Finance,2024-04-07,27270,CDI,27,"75 Rue des Écoles, 34980 Saint-Clément-de-Rivière",véhicule thermique/électrique
92368,Torres,Emmanuelle,2001-06-25,Marketing,2020-04-21,74310,CDI,28,"Pl. de la Liberté, 34470 Pérols",Vélo/Trottinette/Autres
20157,Menard,Damien,2000-04-18,Ventes,2023-01-11,50580,CDI,28,"6 Pl. de la République, 34700 Lodève",véhicule thermique/électrique
49571,Meyer,Alfred,1960-08-09,Finance,2023-05-22,45740,CDI,26,"40 Rue Jean Jaurès, 34590 Marsillargues",véhicule thermique/électrique
41377,Faure,Emmanuelle,1998-06-16,Support,2025-03-05,52920,CDI,25,"Rue du Ctre, 34160 Saint-Drézéry",véhicule thermique/électrique
22092,Gilbert,Lucas,1984-05-08,Marketing,2023-12-11,53050,CDI,27,"77 Bd des Écoles, 34750 Villeneuve-lès-Maguelone",Vélo/Trottinette/Autres
20377,Boutin,Génée,1980-11-29,Ventes,2022-06-06,42670,CDI,26,"140 Rue du Stade, 30920 Codognan",véhicule thermique/électrique
29456,Gosselin,Capucine,2002-02-13,Ventes,2024-02-18,48130,CDI,26,"2 Rue Palladio, 34970 Lattes",Vélo/Trottinette/Autres
88193,Gomez,Daniel,1967-09-24,R&D,2022-07-05,62410,CDI,25,"194 Rue des Amours d'Antan, 34980 Saint-Gély-du-Fesc",véhicule thermique/électrique
60948,Guillot,Gégoire,1978-07-31,Ventes,2024-12-02,33130,CDD,29,"40 Pl. des Écoles, 34970 Lattes",Marche/running
92440,Lacroix,Sébastien,1975-02-13,Marketing,2024-09-27,35320,CDD,27,"369 Chem. du Thym, 34170 Castelnau-le-Lez",Transports en commun
86486,Marchand,Emmanuel,1990-12-22,Ventes,2022-06-19,37120,CDI,27,"3 All. des Cévennes, 34630 Saint-Thibéry",véhicule thermique/électrique
56263,Hernandez,William,1975-02-28,Support,2021-12-23,34090,CDI,29,"246 Rue du Boulidou, 34980 Saint-Clément-de-Rivière",véhicule thermique/électrique
59040,Lefebvre,William,1984-01-20,Finance,2023-07-31,38460,CDI,29,"9 Rue du Lierre, 34850 Pinet",véhicule thermique/électrique
29450,Lambert,Julie,1990-02-14,R&D,2023-10-07,35470,CDI,25,"36 Rue de la Condamine, 34970 Lattes",véhicule thermique/électrique
74171,Grondin,Bertrand,1988-04-26,Finance,2024-12-09,72520,CDI,29,"49 Pl. du Marché, 34250 Palavas-les-Flots",Vélo/Trottinette/Autres
31453,Renard,Bertrand,1999-06-01,Marketing,2022-05-30,69560,CDI,29,"6 Av. des Pins, 34570 Montarnaud",véhicule thermique/électrique
53944,Lebon,Nath,1994-07-26,Support,2024-05-18,56100,CDI,29,"58 Bd Ernest Renan, 34000 Montpellier",Vélo/Trottinette/Autres
27483,Raymond,Juliette,1978-06-14,R&D,2022-10-06,55910,CDI,25,"Rue du Ctre, 34160 Saint-Drézéry",véhicule thermique/électrique
48154,Gosselin,Simone,1981-10-29,Finance,2022-09-01,65640,CDI,25,"Rue des Vignes, 34070 Montpellier",Vélo/Trottinette/Autres
79919,Dupré,Alain,1977-09-23,Support,2022-10-07,58380,CDI,28,"229 Rue Albert Camus, 34660 Cournonterral",véhicule thermique/électrique
71657,Delattre,Joseph,1966-01-29,R&D,2024-02-25,30880,CDI,29,"17 Av. de la Gare, 34770 Gigean",véhicule thermique/électrique
34922,Da Silva,Claire,1986-03-16,Ventes,2023-08-22,54170,CDI,25,"61 Rue Jean Jaurès, 34200 Sète",véhicule thermique/électrique
42234,Benard,Anais,1962-12-07,R&D,2023-02-17,46210,CDI,25,"5 Rue des Ecoles, 34830 Clapiers",Transports en commun
96558,Munoz,Suzanne,1971-07-07,Support,2022-09-01,48040,CDI,28,"179 Chem. de la Rocheuse, 34170 Castelnau-le-Lez",véhicule thermique/électrique
86692,Hernandez,Marie,1961-01-01,Marketing,2022-06-06,39050,CDI,27,"90 Av. de la Plage, 34450 Vias",véhicule thermique/électrique
50866,Techer,Roger,1987-04-18,Ventes,2022-02-19,49230,CDI,25,"16 Rue des Roses, 34970 Lattes",Marche/running
35731,Morvan,Laurence,2001-07-05,Ventes,2021-06-14,63450,CDI,26,"46 Rue des Écoles, 34470 Pérols",Vélo/Trottinette/Autres
51866,Carre,Marguerite,2000-06-09,Ventes,2023-10-19,54220,CDI,25,"30 Rue des Vignes, 34970 Lattes",Marche/running
19260,Marchand,René,1961-06-10,Finance,2023-08-24,68300,CDI,26,"1 Rue de la Paix, 34130 Saint-Aunès",Transports en commun
82858,Colas,Nathalie,1970-12-30,Marketing,2023-04-19,31820,CDI,25,"125 Rue du Port, 34280 La Grande-Motte",Vélo/Trottinette/Autres
50955,Godard,Margaud,1992-05-23,Support,2022-03-29,67480,CDI,25,"99 Rue du N, 34920 Le Crès",Vélo/Trottinette/Autres
43965,Tanguy,TimothÃ©e,1986-06-15,Ventes,2024-02-07,54180,CDI,27,"100 Av. de la Gare, 34970 Lattes",Marche/running
42960,Normand,Michel,1994-10-26,Ventes,2025-01-10,26320,CDD,29,"17 Rue Maguelone, 34250 Palavas-les-Flots",Vélo/Trottinette/Autres
13780,Renard,Sylvain,1982-11-29,Finance,2024-04-11,60200,CDI,25,"56 Imp. Robespierre, 34130 Mauguio",Vélo/Trottinette/Autres
18941,Guillou,Gilles,1986-12-23,Finance,2025-02-27,59910,CDI,29,"68 Bd des Écoles, 34750 Villeneuve-lès-Maguelone",Vélo/Trottinette/Autres
81676,Breton,Jeannine,1966-06-24,Ventes,2022-01-22,48430,CDI,29,"27 Av. du Général Leclerc, 34470 Pérols",Marche/running
27069,Delahaye,Philippe,1996-09-10,Support,2020-11-27,56380,CDI,29,"59 Chem. des Pins, 34170 Castelnau-le-Lez",véhicule thermique/électrique
30256,Dumas,Odette,1960-12-22,Ventes,2023-04-08,45170,CDI,29,"2 Rue du Nord, 34920 Le Crès",véhicule thermique/électrique
94680,Pineau,Henri,1973-11-16,Marketing,2025-01-24,64180,CDD,26,"5 Av. de la Liberté, 34070 Montpellier",Vélo/Trottinette/Autres
